{
  "version": 1,
  "width": 100,
  "height": 29,
  "duration": 58.298221,
  "command": null,
  "title": null,
  "env": {
    "TERM": "screen",
    "SHELL": "/bin/bash"
  },
  "stdout": [
    [
      0.143041,
      "\u001b[0;32m[mike@gamebox] \u001b[0;33m2018/penguicon-containers-101 \u001b[0;34m~/workspace/slidedecks/examples\u001b[00m\r\r\n$ "
    ],
    [
      0.551836,
      "d"
    ],
    [
      0.096817,
      "o"
    ],
    [
      0.131913,
      "c"
    ],
    [
      0.119103,
      "k"
    ],
    [
      0.12994,
      "e"
    ],
    [
      0.057063,
      "r"
    ],
    [
      0.124026,
      " "
    ],
    [
      0.338923,
      "b"
    ],
    [
      0.082963,
      "u"
    ],
    [
      0.057848,
      "i"
    ],
    [
      0.223198,
      "l"
    ],
    [
      0.131945,
      "d"
    ],
    [
      0.147991,
      " "
    ],
    [
      1.061953,
      "-"
    ],
    [
      0.115971,
      "t"
    ],
    [
      0.122137,
      " "
    ],
    [
      0.386926,
      "p"
    ],
    [
      0.14503,
      "e"
    ],
    [
      0.178933,
      "n"
    ],
    [
      0.189995,
      "g"
    ],
    [
      0.112072,
      "u"
    ],
    [
      0.091962,
      "i"
    ],
    [
      0.253934,
      "c"
    ],
    [
      0.09305,
      "o"
    ],
    [
      0.069973,
      "n"
    ],
    [
      0.238014,
      "-"
    ],
    [
      0.166002,
      "2"
    ],
    [
      0.116969,
      " "
    ],
    [
      0.453042,
      "-"
    ],
    [
      0.139049,
      "f"
    ],
    [
      0.117916,
      " "
    ],
    [
      0.330029,
      "D"
    ],
    [
      0.143986,
      "o"
    ],
    [
      0.112891,
      "c"
    ],
    [
      0.130074,
      "k"
    ],
    [
      0.113036,
      "e"
    ],
    [
      0.051007,
      "r"
    ],
    [
      0.184,
      "f"
    ],
    [
      0.051968,
      "i"
    ],
    [
      0.076952,
      "l"
    ],
    [
      0.113009,
      "e"
    ],
    [
      0.116012,
      "."
    ],
    [
      0.151964,
      "2"
    ],
    [
      0.140027,
      " "
    ],
    [
      0.174002,
      "."
    ],
    [
      0.407998,
      "\r\n"
    ],
    [
      0.017548,
      "Sending build context to Docker daemon 3.584 kB\r\r\r\n"
    ],
    [
      0.035162,
      "Step 1/3 : FROM fedora:latest\r\n"
    ],
    [
      6.7e-05,
      " ---> 9110ae7f579f\r\n"
    ],
    [
      0.000122,
      "Step 2/3 : RUN dnf install -y figlet\r\n"
    ],
    [
      0.083238,
      " ---> Running in 9816fed85f9f\r\n"
    ],
    [
      4.952017,
      "Fedora 27 - x86_64 - Updates                    6.0 MB/s |  23 MB     00:03    \r\n"
    ],
    [
      7.001517,
      "Fedora 27 - x86_64                              6.6 MB/s |  58 MB     00:08    \r\n"
    ],
    [
      8.256877,
      "Last metadata expiration check: 0:00:07 ago on Sat Apr 28 23:19:16 2018.\r\n"
    ],
    [
      2.324821,
      "Dependencies resolved.\r\n"
    ],
    [
      0.529711,
      "================================================================================\r\n Package    Arch       Version                                 Repository  Size\r\n================================================================================\r\nInstalling:\r\n figlet     x86_64     2.2.5-14.20151018gita565ae1.fc27        fedora     130 k\r\n\r\nTransaction Summary\r\n================================================================================\r\nInstall  1 Package\r\n\r\nTotal download size: 130 k\r\nInstalled size: 661 k\r\nDownloading Packages:\r\n"
    ],
    [
      0.741973,
      "figlet-2.2.5-14.20151018gita565ae1.fc27.x86_64. 460 kB/s | 130 kB     00:00    \r\n"
    ],
    [
      0.001305,
      "--------------------------------------------------------------------------------\r\n"
    ],
    [
      0.000511,
      "Total                                           175 kB/s | 130 kB     00:00     \r\n"
    ],
    [
      0.002815,
      "Running transaction check\r\n"
    ],
    [
      0.008785,
      "Transaction check succeeded.\r\nRunning transaction test\r\n"
    ],
    [
      0.018049,
      "Transaction test succeeded.\r\n"
    ],
    [
      0.000232,
      "Running transaction\r\n"
    ],
    [
      0.209268,
      "  Preparing        :                                                        1/1"
    ],
    [
      0.04049,
      " \r\n  Installing       : figlet-2.2.5-14.20151018gita565ae1.fc27.x86_64         1/1"
    ],
    [
      0.082046,
      " \r\n  Verifying        : figlet-2.2.5-14.20151018gita565ae1.fc27.x86_64         1/1"
    ],
    [
      0.053268,
      " \r\n\r\nInstalled:\r\n  figlet.x86_64 2.2.5-14.20151018gita565ae1.fc27                                \r\n\r\nComplete!\r\n"
    ],
    [
      1.762761,
      " ---> feaa572b091a\r\n"
    ],
    [
      0.050578,
      "Removing intermediate container 9816fed85f9f\r\nStep 3/3 : CMD figlet -f slant Hello World!\r\n"
    ],
    [
      0.453383,
      " ---> Running in 038c861f21b5\r\n"
    ],
    [
      0.099076,
      " ---> 7695147e87f3\r\n"
    ],
    [
      0.016426,
      "Removing intermediate container 038c861f21b5\r\n"
    ],
    [
      0.00758,
      "Successfully built 7695147e87f3\r\n"
    ],
    [
      0.007615,
      "\u001b[0;32m[mike@gamebox] \u001b[0;33m2018/penguicon-containers-101 \u001b[0;34m~/workspace/slidedecks/examples\u001b[00m\r\r\n$ "
    ],
    [
      0.766135,
      "d"
    ],
    [
      0.125523,
      "o"
    ],
    [
      0.166055,
      "c"
    ],
    [
      0.174958,
      "k"
    ],
    [
      0.177935,
      "e"
    ],
    [
      0.120022,
      "r"
    ],
    [
      0.128972,
      " "
    ],
    [
      0.26398,
      "r"
    ],
    [
      0.128051,
      "u"
    ],
    [
      0.07099,
      "n"
    ],
    [
      0.090039,
      " "
    ],
    [
      0.364947,
      "-"
    ],
    [
      0.165044,
      "-"
    ],
    [
      0.267868,
      "r"
    ],
    [
      0.124116,
      "m"
    ],
    [
      0.137911,
      " "
    ],
    [
      1.631094,
      "p"
    ],
    [
      0.147924,
      "e"
    ],
    [
      0.120967,
      "n"
    ],
    [
      0.163071,
      "g"
    ],
    [
      0.097871,
      "u"
    ],
    [
      0.098127,
      "io"
    ],
    [
      0.635869,
      "\b\u001b[K"
    ],
    [
      0.293996,
      "c"
    ],
    [
      0.081004,
      "o"
    ],
    [
      0.063061,
      "n"
    ],
    [
      0.381841,
      "-"
    ],
    [
      0.131084,
      "2"
    ],
    [
      0.343954,
      "\r\n"
    ],
    [
      0.397084,
      "    __  __     ____         _       __           __    ____\r\n   / / / /__  / / /___     | |     / /___  _____/ /___/ / /\r\n  / /_/ / _ \\/ / / __ \\    | | /| / / __ \\/ ___/ / __  / / \r\n / __  /  __/ / / /_/ /    | |/ |/ / /_/ / /  / / /_/ /_/  \r\n/_/ /_/\\___/_/_/\\____/     |__/|__/\\____/_/  /_/\\__,_(_)   \r\n                                                           \r\n"
    ],
    [
      0.17181,
      "\u001b[0;32m[mike@gamebox] \u001b[0;33m2018/penguicon-containers-101 \u001b[0;34m~/workspace/slidedecks/examples\u001b[00m\r\r\n$ "
    ],
    [
      1.245314,
      "e"
    ],
    [
      0.239828,
      "x"
    ],
    [
      0.093953,
      "i"
    ],
    [
      0.131925,
      "t"
    ],
    [
      0.111125,
      "\r\n"
    ]
  ]
}
